date,violation,count
2025-01-10,Risk for public security,4023
2025-01-10,Negative effects on civic discourse or elections,102901
2025-01-10,Illegal or harmful speech,1253808
2025-01-11,Risk for public security,4309
2025-01-11,Negative effects on civic discourse or elections,107198
2025-01-11,Illegal or harmful speech,1408578
2025-01-12,Risk for public security,2677
2025-01-12,Negative effects on civic discourse or elections,99092
2025-01-12,Illegal or harmful speech,1432839
2025-01-13,Risk for public security,5086
2025-01-13,Negative effects on civic discourse or elections,75943
2025-01-13,Illegal or harmful speech,1158982
2025-01-14,Risk for public security,4589
2025-01-14,Negative effects on civic discourse or elections,137405
2025-01-14,Illegal or harmful speech,1718151
2025-01-15,Risk for public security,5078
2025-01-15,Negative effects on civic discourse or elections,90695
2025-01-15,Illegal or harmful speech,1252437
2025-01-16,Risk for public security,3600
2025-01-16,Negative effects on civic discourse or elections,75379
2025-01-16,Illegal or harmful speech,1243687
2025-01-17,Risk for public security,4878
2025-01-17,Negative effects on civic discourse or elections,77054
2025-01-17,Illegal or harmful speech,1258124
2025-01-18,Risk for public security,2517
2025-01-18,Negative effects on civic discourse or elections,82492
2025-01-18,Illegal or harmful speech,1306000
2025-01-19,Risk for public security,1875
2025-01-19,Negative effects on civic discourse or elections,77291
2025-01-19,Illegal or harmful speech,1412061
2025-01-20,Risk for public security,2848
2025-01-20,Negative effects on civic discourse or elections,122552
2025-01-20,Illegal or harmful speech,1253486
2025-01-21,Risk for public security,68916
2025-01-21,Negative effects on civic discourse or elections,136311
2025-01-21,Illegal or harmful speech,1285139
2025-01-22,Risk for public security,52321
2025-01-22,Negative effects on civic discourse or elections,193304
2025-01-22,Illegal or harmful speech,1450888
2025-01-23,Risk for public security,11307
2025-01-23,Negative effects on civic discourse or elections,251639
2025-01-23,Illegal or harmful speech,1875107
2025-01-24,Risk for public security,3998
2025-01-24,Negative effects on civic discourse or elections,358824
2025-01-24,Illegal or harmful speech,1861778
2025-01-25,Risk for public security,1893
2025-01-25,Negative effects on civic discourse or elections,380943
2025-01-25,Illegal or harmful speech,2293581
2025-01-26,Risk for public security,2322
2025-01-26,Negative effects on civic discourse or elections,353793
2025-01-26,Illegal or harmful speech,2447640
2025-01-27,Risk for public security,6770
2025-01-27,Negative effects on civic discourse or elections,294546
2025-01-27,Illegal or harmful speech,2201479
2025-01-28,Risk for public security,4009
2025-01-28,Negative effects on civic discourse or elections,316803
2025-01-28,Illegal or harmful speech,2208108
2025-01-29,Risk for public security,2528
2025-01-29,Negative effects on civic discourse or elections,393352
2025-01-29,Illegal or harmful speech,2214335
2025-01-30,Risk for public security,3008
2025-01-30,Negative effects on civic discourse or elections,454617
2025-01-30,Illegal or harmful speech,2226043
2025-01-31,Risk for public security,2249
2025-01-31,Negative effects on civic discourse or elections,383795
2025-01-31,Illegal or harmful speech,2101008
2025-02-01,Risk for public security,2305
2025-02-01,Negative effects on civic discourse or elections,355952
2025-02-01,Illegal or harmful speech,2051164
2025-02-02,Risk for public security,1791
2025-02-02,Negative effects on civic discourse or elections,355554
2025-02-02,Illegal or harmful speech,2284466
2025-02-03,Risk for public security,2779
2025-02-03,Negative effects on civic discourse or elections,278469
2025-02-03,Illegal or harmful speech,2542474
2025-02-04,Risk for public security,2798
2025-02-04,Negative effects on civic discourse or elections,221747
2025-02-04,Illegal or harmful speech,2867971
2025-02-05,Risk for public security,1898
2025-02-05,Negative effects on civic discourse or elections,212441
2025-02-05,Illegal or harmful speech,2474524
2025-02-06,Risk for public security,2820
2025-02-06,Negative effects on civic discourse or elections,215352
2025-02-06,Illegal or harmful speech,2426870
2025-02-07,Risk for public security,8704
2025-02-07,Negative effects on civic discourse or elections,230862
2025-02-07,Illegal or harmful speech,2540674
2025-02-08,Risk for public security,4936
2025-02-08,Negative effects on civic discourse or elections,254904
2025-02-08,Illegal or harmful speech,2728125
2025-02-09,Risk for public security,4084
2025-02-09,Negative effects on civic discourse or elections,286799
2025-02-09,Illegal or harmful speech,2794824
2025-02-10,Risk for public security,3070
2025-02-10,Negative effects on civic discourse or elections,230444
2025-02-10,Illegal or harmful speech,2651649
2025-02-11,Risk for public security,12005
2025-02-11,Negative effects on civic discourse or elections,247999
2025-02-11,Illegal or harmful speech,2847519
2025-02-12,Risk for public security,8053
2025-02-12,Negative effects on civic discourse or elections,390311
2025-02-12,Illegal or harmful speech,2913858
2025-02-13,Risk for public security,7531
2025-02-13,Negative effects on civic discourse or elections,267511
2025-02-13,Illegal or harmful speech,2326972
2025-02-14,Risk for public security,61042
2025-02-14,Negative effects on civic discourse or elections,384035
2025-02-14,Illegal or harmful speech,2453672
2025-02-15,Risk for public security,3516
2025-02-15,Negative effects on civic discourse or elections,442258
2025-02-15,Illegal or harmful speech,3086893
2025-02-16,Risk for public security,2862
2025-02-16,Negative effects on civic discourse or elections,386297
2025-02-16,Illegal or harmful speech,3270633
2025-02-17,Risk for public security,4427
2025-02-17,Negative effects on civic discourse or elections,365106
2025-02-17,Illegal or harmful speech,3177431
2025-02-18,Risk for public security,4617
2025-02-18,Negative effects on civic discourse or elections,327197
2025-02-18,Illegal or harmful speech,3191736
2025-02-19,Risk for public security,3107
2025-02-19,Negative effects on civic discourse or elections,342152
2025-02-19,Illegal or harmful speech,3080519
2025-02-20,Risk for public security,3574
2025-02-20,Negative effects on civic discourse or elections,370626
2025-02-20,Illegal or harmful speech,3347692
2025-02-21,Risk for public security,3492
2025-02-21,Negative effects on civic discourse or elections,356862
2025-02-21,Illegal or harmful speech,3162828
2025-02-22,Risk for public security,5237
2025-02-22,Negative effects on civic discourse or elections,392789
2025-02-22,Illegal or harmful speech,2935537
2025-02-23,Risk for public security,3089
2025-02-23,Negative effects on civic discourse or elections,398483
2025-02-23,Illegal or harmful speech,3163735
2025-02-24,Risk for public security,4507
2025-02-24,Negative effects on civic discourse or elections,360756
2025-02-24,Illegal or harmful speech,3308376
2025-02-25,Risk for public security,2590
2025-02-25,Negative effects on civic discourse or elections,332911
2025-02-25,Illegal or harmful speech,3393575
2025-02-26,Risk for public security,3576
2025-02-26,Negative effects on civic discourse or elections,342308
2025-02-26,Illegal or harmful speech,3361411
2025-02-27,Risk for public security,2463
2025-02-27,Negative effects on civic discourse or elections,368381
2025-02-27,Illegal or harmful speech,3424859
2025-02-28,Risk for public security,7515
2025-02-28,Negative effects on civic discourse or elections,399266
2025-02-28,Illegal or harmful speech,3186056
2025-03-01,Risk for public security,3201
2025-03-01,Negative effects on civic discourse or elections,409585
2025-03-01,Illegal or harmful speech,3197523
2025-03-02,Risk for public security,2702
2025-03-02,Negative effects on civic discourse or elections,429930
2025-03-02,Illegal or harmful speech,3210643
2025-03-03,Risk for public security,4506
2025-03-03,Negative effects on civic discourse or elections,441039
2025-03-03,Illegal or harmful speech,3258172
2025-03-04,Risk for public security,5257
2025-03-04,Negative effects on civic discourse or elections,455977
2025-03-04,Illegal or harmful speech,3333174
2025-03-05,Risk for public security,4915
2025-03-05,Negative effects on civic discourse or elections,402935
2025-03-05,Illegal or harmful speech,3262892
2025-03-06,Risk for public security,35177
2025-03-06,Negative effects on civic discourse or elections,399418
2025-03-06,Illegal or harmful speech,2975761
2025-03-07,Risk for public security,35446
2025-03-07,Negative effects on civic discourse or elections,319349
2025-03-07,Illegal or harmful speech,3085914
2025-03-08,Risk for public security,6812
2025-03-08,Negative effects on civic discourse or elections,332809
2025-03-08,Illegal or harmful speech,3077463
2025-03-09,Risk for public security,6766
2025-03-09,Negative effects on civic discourse or elections,334722
2025-03-09,Illegal or harmful speech,3198803
2025-03-10,Risk for public security,6326
2025-03-10,Negative effects on civic discourse or elections,340234
2025-03-10,Illegal or harmful speech,3464707
2025-03-11,Risk for public security,6387
2025-03-11,Negative effects on civic discourse or elections,360601
2025-03-11,Illegal or harmful speech,3592573
2025-03-12,Risk for public security,6317
2025-03-12,Negative effects on civic discourse or elections,384668
2025-03-12,Illegal or harmful speech,3539431
2025-03-13,Risk for public security,5326
2025-03-13,Negative effects on civic discourse or elections,392052
2025-03-13,Illegal or harmful speech,3501889
2025-03-14,Risk for public security,6201
2025-03-14,Negative effects on civic discourse or elections,341991
2025-03-14,Illegal or harmful speech,3418977
2025-03-15,Risk for public security,7703
2025-03-15,Negative effects on civic discourse or elections,328707
2025-03-15,Illegal or harmful speech,3160153
2025-03-16,Risk for public security,5531
2025-03-16,Negative effects on civic discourse or elections,346228
2025-03-16,Illegal or harmful speech,3220690
2025-03-17,Risk for public security,3200
2025-03-17,Negative effects on civic discourse or elections,379759
2025-03-17,Illegal or harmful speech,3392534
2025-03-18,Risk for public security,3348
2025-03-18,Negative effects on civic discourse or elections,384222
2025-03-18,Illegal or harmful speech,3405484
2025-03-19,Risk for public security,4732
2025-03-19,Negative effects on civic discourse or elections,341932
2025-03-19,Illegal or harmful speech,3465243
2025-03-20,Risk for public security,9649
2025-03-20,Negative effects on civic discourse or elections,329648
2025-03-20,Illegal or harmful speech,3489735
2025-03-21,Risk for public security,22691
2025-03-21,Negative effects on civic discourse or elections,279541
2025-03-21,Illegal or harmful speech,3217598
2025-03-22,Risk for public security,5623
2025-03-22,Negative effects on civic discourse or elections,286429
2025-03-22,Illegal or harmful speech,3436939
2025-03-23,Risk for public security,16664
2025-03-23,Negative effects on civic discourse or elections,315978
2025-03-23,Illegal or harmful speech,3180005
2025-03-24,Risk for public security,13032
2025-03-24,Negative effects on civic discourse or elections,377920
2025-03-24,Illegal or harmful speech,3223657
2025-03-25,Risk for public security,10525
2025-03-25,Negative effects on civic discourse or elections,317573
2025-03-25,Illegal or harmful speech,3394413
2025-03-26,Risk for public security,4628
2025-03-26,Negative effects on civic discourse or elections,355642
2025-03-26,Illegal or harmful speech,3312419
2025-03-27,Risk for public security,3674
2025-03-27,Negative effects on civic discourse or elections,361342
2025-03-27,Illegal or harmful speech,3371527
2025-03-28,Risk for public security,3390
2025-03-28,Negative effects on civic discourse or elections,382522
2025-03-28,Illegal or harmful speech,3419732
2025-03-29,Risk for public security,2984
2025-03-29,Negative effects on civic discourse or elections,481992
2025-03-29,Illegal or harmful speech,3018336
2025-03-30,Risk for public security,3467
2025-03-30,Negative effects on civic discourse or elections,479459
2025-03-30,Illegal or harmful speech,3119668
2025-03-31,Risk for public security,6472
2025-03-31,Negative effects on civic discourse or elections,484938
2025-03-31,Illegal or harmful speech,3249844
2025-04-01,Risk for public security,4355
2025-04-01,Negative effects on civic discourse or elections,433797
2025-04-01,Illegal or harmful speech,3278611
2025-04-02,Risk for public security,4811
2025-04-02,Negative effects on civic discourse or elections,264564
2025-04-02,Illegal or harmful speech,3274449
2025-04-03,Risk for public security,4742
2025-04-03,Negative effects on civic discourse or elections,203231
2025-04-03,Illegal or harmful speech,3080197
2025-04-04,Risk for public security,4003
2025-04-04,Negative effects on civic discourse or elections,209510
2025-04-04,Illegal or harmful speech,2899419
2025-04-05,Risk for public security,3071
2025-04-05,Negative effects on civic discourse or elections,217015
2025-04-05,Illegal or harmful speech,2734656
2025-04-06,Risk for public security,56178
2025-04-06,Negative effects on civic discourse or elections,217848
2025-04-06,Illegal or harmful speech,3052645
2025-04-07,Risk for public security,5804
2025-04-07,Negative effects on civic discourse or elections,215143
2025-04-07,Illegal or harmful speech,3063256
2025-04-08,Risk for public security,4294
2025-04-08,Negative effects on civic discourse or elections,208343
2025-04-08,Illegal or harmful speech,3060353
2025-04-09,Risk for public security,3525
2025-04-09,Negative effects on civic discourse or elections,220249
2025-04-09,Illegal or harmful speech,3285636
2025-04-10,Risk for public security,4458
2025-04-10,Negative effects on civic discourse or elections,214139
2025-04-10,Illegal or harmful speech,3167271
2025-04-11,Risk for public security,3717
2025-04-11,Negative effects on civic discourse or elections,236683
2025-04-11,Illegal or harmful speech,3037909
2025-04-12,Risk for public security,3451
2025-04-12,Negative effects on civic discourse or elections,268486
2025-04-12,Illegal or harmful speech,2904532
2025-04-13,Risk for public security,3081
2025-04-13,Negative effects on civic discourse or elections,265981
2025-04-13,Illegal or harmful speech,3106113
2025-04-14,Risk for public security,3926
2025-04-14,Negative effects on civic discourse or elections,255532
2025-04-14,Illegal or harmful speech,3396036
2025-04-15,Risk for public security,4016
2025-04-15,Negative effects on civic discourse or elections,227513
2025-04-15,Illegal or harmful speech,3437723
2025-04-16,Risk for public security,4845
2025-04-16,Negative effects on civic discourse or elections,230437
2025-04-16,Illegal or harmful speech,3506993
2025-04-17,Risk for public security,5284
2025-04-17,Negative effects on civic discourse or elections,231208
2025-04-17,Illegal or harmful speech,3380219
2025-04-18,Risk for public security,3922
2025-04-18,Negative effects on civic discourse or elections,227190
2025-04-18,Illegal or harmful speech,3374969
2025-04-19,Risk for public security,3361
2025-04-19,Negative effects on civic discourse or elections,236658
2025-04-19,Illegal or harmful speech,3295679
2025-04-20,Risk for public security,3152
2025-04-20,Negative effects on civic discourse or elections,235916
2025-04-20,Illegal or harmful speech,3334953
2025-04-21,Risk for public security,3160
2025-04-21,Negative effects on civic discourse or elections,231645
2025-04-21,Illegal or harmful speech,3357450
2025-04-22,Risk for public security,3419
2025-04-22,Negative effects on civic discourse or elections,237451
2025-04-22,Illegal or harmful speech,3436252
2025-04-23,Risk for public security,3345
2025-04-23,Negative effects on civic discourse or elections,207471
2025-04-23,Illegal or harmful speech,3522493
2025-04-24,Risk for public security,3152
2025-04-24,Negative effects on civic discourse or elections,176888
2025-04-24,Illegal or harmful speech,3417337
2025-04-25,Risk for public security,4657
2025-04-25,Negative effects on civic discourse or elections,176218
2025-04-25,Illegal or harmful speech,3211011
2025-04-26,Risk for public security,4771
2025-04-26,Negative effects on civic discourse or elections,184196
2025-04-26,Illegal or harmful speech,3277500
2025-04-27,Risk for public security,3334
2025-04-27,Negative effects on civic discourse or elections,180428
2025-04-27,Illegal or harmful speech,3429424
2025-04-28,Risk for public security,3598
2025-04-28,Negative effects on civic discourse or elections,165339
2025-04-28,Illegal or harmful speech,3460034
2025-04-29,Risk for public security,3778
2025-04-29,Negative effects on civic discourse or elections,145516
2025-04-29,Illegal or harmful speech,2940759
2025-04-30,Risk for public security,3564
2025-04-30,Negative effects on civic discourse or elections,163837
2025-04-30,Illegal or harmful speech,3218891
2025-05-01,Risk for public security,3461
2025-05-01,Negative effects on civic discourse or elections,137537
2025-05-01,Illegal or harmful speech,2460081
2025-05-02,Risk for public security,3822
2025-05-02,Negative effects on civic discourse or elections,106715
2025-05-02,Illegal or harmful speech,1826445
2025-05-03,Risk for public security,2664
2025-05-03,Negative effects on civic discourse or elections,115495
2025-05-03,Illegal or harmful speech,1808721
2025-05-04,Risk for public security,2707
2025-05-04,Negative effects on civic discourse or elections,112273
2025-05-04,Illegal or harmful speech,1952388
2025-05-05,Risk for public security,3312
2025-05-05,Negative effects on civic discourse or elections,108243
2025-05-05,Illegal or harmful speech,1666043
2025-05-06,Risk for public security,3186
2025-05-06,Negative effects on civic discourse or elections,68271
2025-05-06,Illegal or harmful speech,1819775
2025-05-07,Risk for public security,7820
2025-05-07,Negative effects on civic discourse or elections,70259
2025-05-07,Illegal or harmful speech,1924313
2025-05-08,Risk for public security,21318
2025-05-08,Negative effects on civic discourse or elections,88616
2025-05-08,Illegal or harmful speech,1868668
2025-05-09,Risk for public security,38716
2025-05-09,Negative effects on civic discourse or elections,67193
2025-05-09,Illegal or harmful speech,1645761
2025-05-10,Risk for public security,4017
2025-05-10,Negative effects on civic discourse or elections,73320
2025-05-10,Illegal or harmful speech,1799427
2025-05-11,Risk for public security,3869
2025-05-11,Negative effects on civic discourse or elections,73237
2025-05-11,Illegal or harmful speech,1841839
2025-05-12,Risk for public security,7149
2025-05-12,Negative effects on civic discourse or elections,60842
2025-05-12,Illegal or harmful speech,1716693
2025-05-13,Risk for public security,6213
2025-05-13,Negative effects on civic discourse or elections,75477
2025-05-13,Illegal or harmful speech,1740007
2025-05-14,Risk for public security,3315
2025-05-14,Negative effects on civic discourse or elections,93706
2025-05-14,Illegal or harmful speech,1781386
2025-05-15,Risk for public security,4398
2025-05-15,Negative effects on civic discourse or elections,80639
2025-05-15,Illegal or harmful speech,1684550
2025-05-16,Risk for public security,5330
2025-05-16,Negative effects on civic discourse or elections,104996
2025-05-16,Illegal or harmful speech,1843262
2025-05-17,Risk for public security,3626
2025-05-17,Negative effects on civic discourse or elections,116893
2025-05-17,Illegal or harmful speech,1870950
2025-05-18,Risk for public security,3046
2025-05-18,Negative effects on civic discourse or elections,112060
2025-05-18,Illegal or harmful speech,2100056
2025-05-19,Risk for public security,3032
2025-05-19,Negative effects on civic discourse or elections,101407
2025-05-19,Illegal or harmful speech,1979389
2025-05-20,Risk for public security,3158
2025-05-20,Negative effects on civic discourse or elections,94511
2025-05-20,Illegal or harmful speech,1825267
2025-05-21,Risk for public security,4674
2025-05-21,Negative effects on civic discourse or elections,102599
2025-05-21,Illegal or harmful speech,1816161
2025-05-22,Risk for public security,3225
2025-05-22,Negative effects on civic discourse or elections,78797
2025-05-22,Illegal or harmful speech,1795474
2025-05-23,Risk for public security,3772
2025-05-23,Negative effects on civic discourse or elections,89703
2025-05-23,Illegal or harmful speech,1920349
2025-05-24,Risk for public security,2801
2025-05-24,Negative effects on civic discourse or elections,104327
2025-05-24,Illegal or harmful speech,1858532
2025-05-25,Risk for public security,3061
2025-05-25,Negative effects on civic discourse or elections,95527
2025-05-25,Illegal or harmful speech,1841013
2025-05-26,Risk for public security,5962
2025-05-26,Negative effects on civic discourse or elections,73007
2025-05-26,Illegal or harmful speech,1759894
2025-05-27,Risk for public security,3348
2025-05-27,Negative effects on civic discourse or elections,72550
2025-05-27,Illegal or harmful speech,1752023
2025-05-28,Risk for public security,13167
2025-05-28,Negative effects on civic discourse or elections,76873
2025-05-28,Illegal or harmful speech,1883771
2025-05-29,Risk for public security,3858
2025-05-29,Negative effects on civic discourse or elections,80237
2025-05-29,Illegal or harmful speech,1824103
2025-05-30,Risk for public security,2787
2025-05-30,Negative effects on civic discourse or elections,83884
2025-05-30,Illegal or harmful speech,1810010
2025-05-31,Risk for public security,2894
2025-05-31,Negative effects on civic discourse or elections,85192
2025-05-31,Illegal or harmful speech,1827516
2025-06-01,Risk for public security,2919
2025-06-01,Negative effects on civic discourse or elections,83189
2025-06-01,Illegal or harmful speech,1994825
2025-06-02,Risk for public security,5971
2025-06-02,Negative effects on civic discourse or elections,79705
2025-06-02,Illegal or harmful speech,1879566
2025-06-03,Risk for public security,2745
2025-06-03,Negative effects on civic discourse or elections,80545
2025-06-03,Illegal or harmful speech,1832206
2025-06-04,Risk for public security,3671
2025-06-04,Negative effects on civic discourse or elections,73257
2025-06-04,Illegal or harmful speech,1936230
2025-06-05,Risk for public security,6393
2025-06-05,Negative effects on civic discourse or elections,72369
2025-06-05,Illegal or harmful speech,1751597
2025-06-06,Risk for public security,6862
2025-06-06,Negative effects on civic discourse or elections,83249
2025-06-06,Illegal or harmful speech,1454321
2025-06-07,Risk for public security,3469
2025-06-07,Negative effects on civic discourse or elections,88550
2025-06-07,Illegal or harmful speech,1530002
2025-06-08,Risk for public security,3414
2025-06-08,Negative effects on civic discourse or elections,87468
2025-06-08,Illegal or harmful speech,1669103
2025-06-09,Risk for public security,4208
2025-06-09,Negative effects on civic discourse or elections,84158
2025-06-09,Illegal or harmful speech,1579401
2025-06-10,Risk for public security,8883
2025-06-10,Negative effects on civic discourse or elections,86402
2025-06-10,Illegal or harmful speech,1530521
2025-06-11,Risk for public security,5770
2025-06-11,Negative effects on civic discourse or elections,82158
2025-06-11,Illegal or harmful speech,1573692
2025-06-12,Risk for public security,4050
2025-06-12,Negative effects on civic discourse or elections,77044
2025-06-12,Illegal or harmful speech,1524229
2025-06-13,Risk for public security,6955
2025-06-13,Negative effects on civic discourse or elections,85081
2025-06-13,Illegal or harmful speech,1599955
2025-06-14,Risk for public security,3289
2025-06-14,Negative effects on civic discourse or elections,86618
2025-06-14,Illegal or harmful speech,1636930
2025-06-15,Risk for public security,4604
2025-06-15,Negative effects on civic discourse or elections,96524
2025-06-15,Illegal or harmful speech,1504504
2025-06-16,Risk for public security,8635
2025-06-16,Negative effects on civic discourse or elections,82104
2025-06-16,Illegal or harmful speech,1684111
2025-06-17,Risk for public security,3976
2025-06-17,Negative effects on civic discourse or elections,76825
2025-06-17,Illegal or harmful speech,1068968
2025-06-18,Risk for public security,4538
2025-06-18,Negative effects on civic discourse or elections,87358
2025-06-18,Illegal or harmful speech,1027164
2025-06-19,Risk for public security,5531
2025-06-19,Negative effects on civic discourse or elections,83450
2025-06-19,Illegal or harmful speech,964837
2025-06-20,Risk for public security,6457
2025-06-20,Negative effects on civic discourse or elections,88470
2025-06-20,Illegal or harmful speech,978862
2025-06-21,Risk for public security,3367
2025-06-21,Negative effects on civic discourse or elections,90979
2025-06-21,Illegal or harmful speech,1018633
2025-06-22,Risk for public security,3549
2025-06-22,Negative effects on civic discourse or elections,90885
2025-06-22,Illegal or harmful speech,1035668
2025-06-23,Risk for public security,3269
2025-06-23,Negative effects on civic discourse or elections,89849
2025-06-23,Illegal or harmful speech,948483
2025-06-24,Risk for public security,4293
2025-06-24,Negative effects on civic discourse or elections,95977
2025-06-24,Illegal or harmful speech,942908
2025-06-25,Risk for public security,6686
2025-06-25,Negative effects on civic discourse or elections,98026
2025-06-25,Illegal or harmful speech,939664
2025-06-26,Risk for public security,4093
2025-06-26,Negative effects on civic discourse or elections,91868
2025-06-26,Illegal or harmful speech,1002406
2025-06-27,Risk for public security,3714
2025-06-27,Negative effects on civic discourse or elections,98605
2025-06-27,Illegal or harmful speech,1012273
2025-06-28,Risk for public security,2536
2025-06-28,Negative effects on civic discourse or elections,87831
2025-06-28,Illegal or harmful speech,976653
2025-06-29,Risk for public security,3184
2025-06-29,Negative effects on civic discourse or elections,91965
2025-06-29,Illegal or harmful speech,1016265
2025-06-30,Risk for public security,2562
2025-06-30,Negative effects on civic discourse or elections,81107
2025-06-30,Illegal or harmful speech,806273
2025-07-01,Risk for public security,5032
2025-07-01,Negative effects on civic discourse or elections,77477
2025-07-01,Illegal or harmful speech,228968
2025-07-02,Risk for public security,3388
2025-07-02,Negative effects on civic discourse or elections,35948
2025-07-02,Illegal or harmful speech,499956
2025-07-03,Risk for public security,3916
2025-07-03,Negative effects on civic discourse or elections,40499
2025-07-03,Illegal or harmful speech,575246
2025-07-04,Risk for public security,5295
2025-07-04,Negative effects on civic discourse or elections,43117
2025-07-04,Illegal or harmful speech,633265
2025-07-05,Risk for public security,3424
2025-07-05,Negative effects on civic discourse or elections,43926
2025-07-05,Illegal or harmful speech,631390
2025-07-06,Risk for public security,3099
2025-07-06,Negative effects on civic discourse or elections,44656
2025-07-06,Illegal or harmful speech,608843
2025-07-07,Risk for public security,4096
2025-07-07,Negative effects on civic discourse or elections,45567
2025-07-07,Illegal or harmful speech,603766
2025-07-08,Risk for public security,4120
2025-07-08,Negative effects on civic discourse or elections,44316
2025-07-08,Illegal or harmful speech,638603
2025-07-09,Risk for public security,5431
2025-07-09,Negative effects on civic discourse or elections,40072
2025-07-09,Illegal or harmful speech,611286
2025-07-10,Risk for public security,3511
2025-07-10,Negative effects on civic discourse or elections,41198
2025-07-10,Illegal or harmful speech,613732
2025-07-11,Risk for public security,7548
2025-07-11,Negative effects on civic discourse or elections,45575
2025-07-11,Illegal or harmful speech,599466
2025-07-12,Risk for public security,4902
2025-07-12,Negative effects on civic discourse or elections,41291
2025-07-12,Illegal or harmful speech,579616
2025-07-13,Risk for public security,3461
2025-07-13,Negative effects on civic discourse or elections,42311
2025-07-13,Illegal or harmful speech,554284
2025-07-14,Risk for public security,4409
2025-07-14,Negative effects on civic discourse or elections,42673
2025-07-14,Illegal or harmful speech,574839
2025-07-15,Risk for public security,17373
2025-07-15,Negative effects on civic discourse or elections,41060
2025-07-15,Illegal or harmful speech,537916
2025-07-16,Risk for public security,3695
2025-07-16,Negative effects on civic discourse or elections,41484
2025-07-16,Illegal or harmful speech,512364
2025-07-17,Risk for public security,5093
2025-07-17,Negative effects on civic discourse or elections,38811
2025-07-17,Illegal or harmful speech,487916
2025-07-18,Risk for public security,7306
2025-07-18,Negative effects on civic discourse or elections,40335
2025-07-18,Illegal or harmful speech,560068
2025-07-19,Risk for public security,3314
2025-07-19,Negative effects on civic discourse or elections,45076
2025-07-19,Illegal or harmful speech,546558
2025-07-20,Risk for public security,6353
2025-07-20,Negative effects on civic discourse or elections,42609
2025-07-20,Illegal or harmful speech,492189
2025-07-21,Risk for public security,3400
2025-07-21,Negative effects on civic discourse or elections,42815
2025-07-21,Illegal or harmful speech,524262
2025-07-22,Risk for public security,4059
2025-07-22,Negative effects on civic discourse or elections,40798
2025-07-22,Illegal or harmful speech,558960
2025-07-23,Risk for public security,4632
2025-07-23,Negative effects on civic discourse or elections,54380
2025-07-23,Illegal or harmful speech,630723
2025-07-24,Risk for public security,5061
2025-07-24,Negative effects on civic discourse or elections,39252
2025-07-24,Illegal or harmful speech,1230680
2025-07-25,Risk for public security,3216
2025-07-25,Negative effects on civic discourse or elections,43733
2025-07-25,Illegal or harmful speech,640176
2025-07-26,Risk for public security,3653
2025-07-26,Negative effects on civic discourse or elections,36195
2025-07-26,Illegal or harmful speech,547599
2025-07-27,Risk for public security,2923
2025-07-27,Negative effects on civic discourse or elections,40395
2025-07-27,Illegal or harmful speech,524447
2025-07-28,Risk for public security,4511
2025-07-28,Negative effects on civic discourse or elections,44383
2025-07-28,Illegal or harmful speech,531115
2025-07-29,Risk for public security,6027
2025-07-29,Negative effects on civic discourse or elections,45929
2025-07-29,Illegal or harmful speech,525824
2025-07-30,Risk for public security,4070
2025-07-30,Negative effects on civic discourse or elections,46219
2025-07-30,Illegal or harmful speech,539265
2025-07-31,Risk for public security,3621
2025-07-31,Negative effects on civic discourse or elections,42560
2025-07-31,Illegal or harmful speech,507814
2025-08-01,Risk for public security,3487
2025-08-01,Negative effects on civic discourse or elections,46637
2025-08-01,Illegal or harmful speech,714002
2025-08-02,Risk for public security,2612
2025-08-02,Negative effects on civic discourse or elections,56846
2025-08-02,Illegal or harmful speech,510195
2025-08-03,Risk for public security,3616
2025-08-03,Negative effects on civic discourse or elections,52933
2025-08-03,Illegal or harmful speech,423880
2025-08-04,Risk for public security,4826
2025-08-04,Negative effects on civic discourse or elections,52679
2025-08-04,Illegal or harmful speech,439353
2025-08-05,Risk for public security,7056
2025-08-05,Negative effects on civic discourse or elections,68699
2025-08-05,Illegal or harmful speech,570789
2025-08-06,Risk for public security,10341
2025-08-06,Negative effects on civic discourse or elections,72819
2025-08-06,Illegal or harmful speech,522431
2025-08-07,Risk for public security,11880
2025-08-07,Negative effects on civic discourse or elections,75093
2025-08-07,Illegal or harmful speech,554041
2025-08-08,Risk for public security,7954
2025-08-08,Negative effects on civic discourse or elections,70774
2025-08-08,Illegal or harmful speech,595498
2025-08-09,Risk for public security,7054
2025-08-09,Negative effects on civic discourse or elections,73333
2025-08-09,Illegal or harmful speech,598005
2025-08-10,Risk for public security,3499
2025-08-10,Negative effects on civic discourse or elections,112312
2025-08-10,Illegal or harmful speech,526265
2025-08-11,Risk for public security,7143
2025-08-11,Negative effects on civic discourse or elections,105554
2025-08-11,Illegal or harmful speech,562534
2025-08-12,Risk for public security,7104
2025-08-12,Negative effects on civic discourse or elections,100828
2025-08-12,Illegal or harmful speech,631474
2025-08-13,Risk for public security,8060
2025-08-13,Negative effects on civic discourse or elections,89811
2025-08-13,Illegal or harmful speech,575982
2025-08-14,Risk for public security,7393
2025-08-14,Negative effects on civic discourse or elections,71850
2025-08-14,Illegal or harmful speech,553974
2025-08-15,Risk for public security,4371
2025-08-15,Negative effects on civic discourse or elections,70035
2025-08-15,Illegal or harmful speech,520218
2025-08-16,Risk for public security,9489
2025-08-16,Negative effects on civic discourse or elections,72260
2025-08-16,Illegal or harmful speech,515943
2025-08-17,Risk for public security,7044
2025-08-17,Negative effects on civic discourse or elections,72524
2025-08-17,Illegal or harmful speech,476799
2025-08-18,Risk for public security,4830
2025-08-18,Negative effects on civic discourse or elections,96640
2025-08-18,Illegal or harmful speech,451084
2025-08-19,Risk for public security,6651
2025-08-19,Negative effects on civic discourse or elections,65083
2025-08-19,Illegal or harmful speech,523797
2025-08-20,Risk for public security,5183
2025-08-20,Negative effects on civic discourse or elections,97655
2025-08-20,Illegal or harmful speech,638795
2025-08-21,Risk for public security,6890
2025-08-21,Negative effects on civic discourse or elections,77485
2025-08-21,Illegal or harmful speech,513329
2025-08-22,Risk for public security,5353
2025-08-22,Negative effects on civic discourse or elections,81509
2025-08-22,Illegal or harmful speech,513192
2025-08-23,Risk for public security,3476
2025-08-23,Negative effects on civic discourse or elections,68173
2025-08-23,Illegal or harmful speech,481409
2025-08-24,Risk for public security,2811
2025-08-24,Negative effects on civic discourse or elections,80306
2025-08-24,Illegal or harmful speech,481117
2025-08-25,Risk for public security,5307
2025-08-25,Negative effects on civic discourse or elections,72854
2025-08-25,Illegal or harmful speech,461862
2025-08-26,Risk for public security,3377
2025-08-26,Negative effects on civic discourse or elections,72406
2025-08-26,Illegal or harmful speech,526933
2025-08-27,Risk for public security,4228
2025-08-27,Negative effects on civic discourse or elections,74379
2025-08-27,Illegal or harmful speech,506068
2025-08-28,Risk for public security,3616
2025-08-28,Negative effects on civic discourse or elections,107059
2025-08-28,Illegal or harmful speech,512827
2025-08-29,Risk for public security,3473
2025-08-29,Negative effects on civic discourse or elections,69379
2025-08-29,Illegal or harmful speech,502636
2025-08-30,Risk for public security,3691
2025-08-30,Negative effects on civic discourse or elections,88088
2025-08-30,Illegal or harmful speech,489275
2025-08-31,Risk for public security,3760
2025-08-31,Negative effects on civic discourse or elections,83248
2025-08-31,Illegal or harmful speech,488957
2025-09-01,Risk for public security,4324
2025-09-01,Negative effects on civic discourse or elections,82653
2025-09-01,Illegal or harmful speech,507782
2025-09-02,Risk for public security,3683
2025-09-02,Negative effects on civic discourse or elections,81061
2025-09-02,Illegal or harmful speech,470530
2025-09-03,Risk for public security,3397
2025-09-03,Negative effects on civic discourse or elections,86942
2025-09-03,Illegal or harmful speech,515653
2025-09-04,Risk for public security,3508
2025-09-04,Negative effects on civic discourse or elections,37230
2025-09-04,Illegal or harmful speech,300846
2025-09-05,Risk for public security,4026
2025-09-05,Negative effects on civic discourse or elections,1867
2025-09-05,Illegal or harmful speech,190867
2025-09-06,Risk for public security,3803
2025-09-06,Negative effects on civic discourse or elections,732
2025-09-06,Illegal or harmful speech,166476
2025-09-07,Risk for public security,3414
2025-09-07,Negative effects on civic discourse or elections,1801
2025-09-07,Illegal or harmful speech,106390
2025-09-08,Risk for public security,3930
2025-09-08,Negative effects on civic discourse or elections,717
2025-09-08,Illegal or harmful speech,87799
2025-09-09,Risk for public security,3465
2025-09-09,Negative effects on civic discourse or elections,3309
2025-09-09,Illegal or harmful speech,145401
2025-09-10,Risk for public security,4493
2025-09-10,Negative effects on civic discourse or elections,646
2025-09-10,Illegal or harmful speech,111841
2025-09-11,Risk for public security,3551
2025-09-11,Negative effects on civic discourse or elections,5031
2025-09-11,Illegal or harmful speech,199878
2025-09-12,Risk for public security,3365
2025-09-12,Negative effects on civic discourse or elections,4522
2025-09-12,Illegal or harmful speech,129406
2025-09-13,Risk for public security,3500
2025-09-13,Negative effects on civic discourse or elections,3823
2025-09-13,Illegal or harmful speech,231521
2025-09-14,Risk for public security,3877
2025-09-14,Negative effects on civic discourse or elections,2823
2025-09-14,Illegal or harmful speech,109922
2025-09-15,Risk for public security,3771
2025-09-15,Negative effects on civic discourse or elections,3011
2025-09-15,Illegal or harmful speech,89155
2025-09-16,Risk for public security,4216
2025-09-16,Negative effects on civic discourse or elections,596
2025-09-16,Illegal or harmful speech,184131
2025-09-17,Risk for public security,5890
2025-09-17,Negative effects on civic discourse or elections,1867
2025-09-17,Illegal or harmful speech,171573
2025-09-18,Risk for public security,3833
2025-09-18,Negative effects on civic discourse or elections,1628
2025-09-18,Illegal or harmful speech,148839
2025-09-19,Risk for public security,3248
2025-09-19,Negative effects on civic discourse or elections,773
2025-09-19,Illegal or harmful speech,145340
2025-09-20,Risk for public security,3627
2025-09-20,Negative effects on civic discourse or elections,1041
2025-09-20,Illegal or harmful speech,157160
2025-09-21,Risk for public security,2890
2025-09-21,Negative effects on civic discourse or elections,2223
2025-09-21,Illegal or harmful speech,102436
2025-09-22,Risk for public security,3907
2025-09-22,Negative effects on civic discourse or elections,1793
2025-09-22,Illegal or harmful speech,113918
2025-09-23,Risk for public security,3863
2025-09-23,Negative effects on civic discourse or elections,90109
2025-09-23,Illegal or harmful speech,158044
2025-09-24,Risk for public security,3854
2025-09-24,Negative effects on civic discourse or elections,5867
2025-09-24,Illegal or harmful speech,161468
2025-09-25,Risk for public security,5438
2025-09-25,Negative effects on civic discourse or elections,2974
2025-09-25,Illegal or harmful speech,216419
2025-09-26,Risk for public security,3750
2025-09-26,Negative effects on civic discourse or elections,8083
2025-09-26,Illegal or harmful speech,189036
2025-09-27,Risk for public security,3739
2025-09-27,Negative effects on civic discourse or elections,1901
2025-09-27,Illegal or harmful speech,149927
2025-09-28,Risk for public security,3324
2025-09-28,Negative effects on civic discourse or elections,6651
2025-09-28,Illegal or harmful speech,130066
2025-09-29,Risk for public security,3042
2025-09-29,Negative effects on civic discourse or elections,10657
2025-09-29,Illegal or harmful speech,159566
2025-09-30,Risk for public security,2454
2025-09-30,Negative effects on civic discourse or elections,2779
2025-09-30,Illegal or harmful speech,209855
2025-10-01,Risk for public security,3571
2025-10-01,Negative effects on civic discourse or elections,2323
2025-10-01,Illegal or harmful speech,157958
2025-10-02,Risk for public security,4539
2025-10-02,Negative effects on civic discourse or elections,1100
2025-10-02,Illegal or harmful speech,118812
2025-10-03,Risk for public security,4495
2025-10-03,Negative effects on civic discourse or elections,1192
2025-10-03,Illegal or harmful speech,115246
2025-10-04,Risk for public security,2908
2025-10-04,Negative effects on civic discourse or elections,2409
2025-10-04,Illegal or harmful speech,114558
2025-10-05,Risk for public security,2271
2025-10-05,Negative effects on civic discourse or elections,2199
2025-10-05,Illegal or harmful speech,95177
2025-10-06,Risk for public security,2721
2025-10-06,Negative effects on civic discourse or elections,1778
2025-10-06,Illegal or harmful speech,94545
2025-10-07,Risk for public security,2825
2025-10-07,Negative effects on civic discourse or elections,3160
2025-10-07,Illegal or harmful speech,109736
2025-10-08,Risk for public security,3618
2025-10-08,Negative effects on civic discourse or elections,2051
2025-10-08,Illegal or harmful speech,104150
2025-10-09,Risk for public security,2680
2025-10-09,Negative effects on civic discourse or elections,1098
2025-10-09,Illegal or harmful speech,125842
2025-10-10,Risk for public security,3765
2025-10-10,Negative effects on civic discourse or elections,1095
2025-10-10,Illegal or harmful speech,131117
2025-10-11,Risk for public security,4093
2025-10-11,Negative effects on civic discourse or elections,107016
2025-10-11,Illegal or harmful speech,541852
2025-10-12,Risk for public security,4084
2025-10-12,Negative effects on civic discourse or elections,94511
2025-10-12,Illegal or harmful speech,525609
2025-10-13,Risk for public security,11309
2025-10-13,Negative effects on civic discourse or elections,120968
2025-10-13,Illegal or harmful speech,524938
2025-10-14,Risk for public security,4713
2025-10-14,Negative effects on civic discourse or elections,114396
2025-10-14,Illegal or harmful speech,581518
2025-10-15,Risk for public security,5323
2025-10-15,Negative effects on civic discourse or elections,139794
2025-10-15,Illegal or harmful speech,608905
2025-10-16,Risk for public security,4408
2025-10-16,Negative effects on civic discourse or elections,128432
2025-10-16,Illegal or harmful speech,554606
2025-10-17,Risk for public security,5006
2025-10-17,Negative effects on civic discourse or elections,134642
2025-10-17,Illegal or harmful speech,623752
2025-10-18,Risk for public security,4059
2025-10-18,Negative effects on civic discourse or elections,207551
2025-10-18,Illegal or harmful speech,699206
2025-10-19,Risk for public security,4377
2025-10-19,Negative effects on civic discourse or elections,152827
2025-10-19,Illegal or harmful speech,548835
2025-10-20,Risk for public security,5219
2025-10-20,Negative effects on civic discourse or elections,133836
2025-10-20,Illegal or harmful speech,500842
2025-10-21,Risk for public security,4475
2025-10-21,Negative effects on civic discourse or elections,60310
2025-10-21,Illegal or harmful speech,381943
2025-10-22,Risk for public security,4283
2025-10-22,Negative effects on civic discourse or elections,54424
2025-10-22,Illegal or harmful speech,470149
2025-10-23,Risk for public security,5524
2025-10-23,Negative effects on civic discourse or elections,92980
2025-10-23,Illegal or harmful speech,485303
2025-10-24,Risk for public security,4776
2025-10-24,Negative effects on civic discourse or elections,98229
2025-10-24,Illegal or harmful speech,676675
2025-10-25,Risk for public security,3630
2025-10-25,Negative effects on civic discourse or elections,127069
2025-10-25,Illegal or harmful speech,638191
2025-10-26,Risk for public security,3014
2025-10-26,Negative effects on civic discourse or elections,104979
2025-10-26,Illegal or harmful speech,440753
2025-10-27,Risk for public security,3540
2025-10-27,Negative effects on civic discourse or elections,101635
2025-10-27,Illegal or harmful speech,426636
2025-10-28,Risk for public security,5091
2025-10-28,Negative effects on civic discourse or elections,106114
2025-10-28,Illegal or harmful speech,485001
2025-10-29,Risk for public security,3437
2025-10-29,Negative effects on civic discourse or elections,103805
2025-10-29,Illegal or harmful speech,451937
2025-10-30,Risk for public security,4218
2025-10-30,Negative effects on civic discourse or elections,138143
2025-10-30,Illegal or harmful speech,450379
2025-10-31,Risk for public security,5525
2025-10-31,Negative effects on civic discourse or elections,81323
2025-10-31,Illegal or harmful speech,481931
2025-11-01,Risk for public security,3850
2025-11-01,Negative effects on civic discourse or elections,83529
2025-11-01,Illegal or harmful speech,460478
2025-11-02,Risk for public security,3416
2025-11-02,Negative effects on civic discourse or elections,94538
2025-11-02,Illegal or harmful speech,400757
2025-11-03,Risk for public security,3027
2025-11-03,Negative effects on civic discourse or elections,96283
2025-11-03,Illegal or harmful speech,407518
2025-11-04,Risk for public security,4051
2025-11-04,Negative effects on civic discourse or elections,93622
2025-11-04,Illegal or harmful speech,454597
2025-11-05,Risk for public security,4154
2025-11-05,Negative effects on civic discourse or elections,106520
2025-11-05,Illegal or harmful speech,459214
2025-11-06,Risk for public security,5494
2025-11-06,Negative effects on civic discourse or elections,171090
2025-11-06,Illegal or harmful speech,492445
2025-11-07,Risk for public security,7330
2025-11-07,Negative effects on civic discourse or elections,135973
2025-11-07,Illegal or harmful speech,462102
2025-11-08,Risk for public security,3659
2025-11-08,Negative effects on civic discourse or elections,105752
2025-11-08,Illegal or harmful speech,404371
2025-11-09,Risk for public security,2662
2025-11-09,Negative effects on civic discourse or elections,2179
2025-11-09,Illegal or harmful speech,189376
2025-11-10,Risk for public security,3147
2025-11-10,Negative effects on civic discourse or elections,2696
2025-11-10,Illegal or harmful speech,135065
2025-11-11,Risk for public security,3547
2025-11-11,Negative effects on civic discourse or elections,3005
2025-11-11,Illegal or harmful speech,161265
2025-11-12,Risk for public security,3331
2025-11-12,Negative effects on civic discourse or elections,4170
2025-11-12,Illegal or harmful speech,132535
2025-11-13,Risk for public security,5218
2025-11-13,Negative effects on civic discourse or elections,2195
2025-11-13,Illegal or harmful speech,157315
2025-11-14,Risk for public security,5495
2025-11-14,Negative effects on civic discourse or elections,3402
2025-11-14,Illegal or harmful speech,241833
2025-11-15,Risk for public security,3596
2025-11-15,Negative effects on civic discourse or elections,703
2025-11-15,Illegal or harmful speech,160558
2025-11-16,Risk for public security,3354
2025-11-16,Negative effects on civic discourse or elections,4949
2025-11-16,Illegal or harmful speech,162531
2025-11-17,Risk for public security,3067
2025-11-17,Negative effects on civic discourse or elections,1875
2025-11-17,Illegal or harmful speech,98250
2025-11-18,Risk for public security,4159
2025-11-18,Negative effects on civic discourse or elections,748
2025-11-18,Illegal or harmful speech,138182
2025-11-19,Risk for public security,3729
2025-11-19,Negative effects on civic discourse or elections,2964
2025-11-19,Illegal or harmful speech,97659
2025-11-20,Risk for public security,6522
2025-11-20,Negative effects on civic discourse or elections,1734
2025-11-20,Illegal or harmful speech,208755
2025-11-21,Risk for public security,4050
2025-11-21,Negative effects on civic discourse or elections,851
2025-11-21,Illegal or harmful speech,128816
2025-11-22,Risk for public security,3015
2025-11-22,Negative effects on civic discourse or elections,1141
2025-11-22,Illegal or harmful speech,101251
2025-11-23,Risk for public security,2277
2025-11-23,Negative effects on civic discourse or elections,9270
2025-11-23,Illegal or harmful speech,98938
2025-11-24,Risk for public security,2469
2025-11-24,Negative effects on civic discourse or elections,1976
2025-11-24,Illegal or harmful speech,131755
2025-11-25,Risk for public security,4495
2025-11-25,Negative effects on civic discourse or elections,1965
2025-11-25,Illegal or harmful speech,119285
2025-11-26,Risk for public security,5864
2025-11-26,Negative effects on civic discourse or elections,1134
2025-11-26,Illegal or harmful speech,118714
2025-11-27,Risk for public security,5009
2025-11-27,Negative effects on civic discourse or elections,2161
2025-11-27,Illegal or harmful speech,119188
2025-11-28,Risk for public security,5341
2025-11-28,Negative effects on civic discourse or elections,1050
2025-11-28,Illegal or harmful speech,151871
2025-11-29,Risk for public security,2696
2025-11-29,Negative effects on civic discourse or elections,1019
2025-11-29,Illegal or harmful speech,137107
2025-11-30,Risk for public security,2131
2025-11-30,Negative effects on civic discourse or elections,1148
2025-11-30,Illegal or harmful speech,91615
2025-12-01,Risk for public security,3826
2025-12-01,Negative effects on civic discourse or elections,5058
2025-12-01,Illegal or harmful speech,118304
2025-12-02,Risk for public security,4091
2025-12-02,Negative effects on civic discourse or elections,2042
2025-12-02,Illegal or harmful speech,100636
2025-12-03,Risk for public security,4521
2025-12-03,Negative effects on civic discourse or elections,2230
2025-12-03,Illegal or harmful speech,122666
2025-12-04,Risk for public security,7168
2025-12-04,Negative effects on civic discourse or elections,2602
2025-12-04,Illegal or harmful speech,132265
2025-12-05,Risk for public security,39386
2025-12-05,Negative effects on civic discourse or elections,1147
2025-12-05,Illegal or harmful speech,140574
2025-12-06,Risk for public security,3358
2025-12-06,Negative effects on civic discourse or elections,2074
2025-12-06,Illegal or harmful speech,96311
2025-12-07,Risk for public security,3006
2025-12-07,Negative effects on civic discourse or elections,1016
2025-12-07,Illegal or harmful speech,83155
2025-12-08,Risk for public security,3865
2025-12-08,Negative effects on civic discourse or elections,1234
2025-12-08,Illegal or harmful speech,58613
2025-12-09,Risk for public security,4489
2025-12-09,Negative effects on civic discourse or elections,2533
2025-12-09,Illegal or harmful speech,150725
2025-12-10,Risk for public security,6823
2025-12-10,Negative effects on civic discourse or elections,1171
2025-12-10,Illegal or harmful speech,117052
2025-12-11,Risk for public security,6347
2025-12-11,Negative effects on civic discourse or elections,1642
2025-12-11,Illegal or harmful speech,77746
2025-12-12,Risk for public security,6076
2025-12-12,Negative effects on civic discourse or elections,1637
2025-12-12,Illegal or harmful speech,83087
2025-12-13,Risk for public security,5127
2025-12-13,Negative effects on civic discourse or elections,4489
2025-12-13,Illegal or harmful speech,129243
2025-12-14,Risk for public security,3292
2025-12-14,Negative effects on civic discourse or elections,12676
2025-12-14,Illegal or harmful speech,83352
2025-12-15,Risk for public security,5196
2025-12-15,Negative effects on civic discourse or elections,89665
2025-12-15,Illegal or harmful speech,168086
2025-12-16,Risk for public security,6242
2025-12-16,Negative effects on civic discourse or elections,83553
2025-12-16,Illegal or harmful speech,230722
2025-12-17,Risk for public security,7431
2025-12-17,Negative effects on civic discourse or elections,78662
2025-12-17,Illegal or harmful speech,273475
2025-12-18,Risk for public security,9820
2025-12-18,Negative effects on civic discourse or elections,69940
2025-12-18,Illegal or harmful speech,252747
2025-12-19,Risk for public security,6975
2025-12-19,Negative effects on civic discourse or elections,74459
2025-12-19,Illegal or harmful speech,238214
2025-12-20,Risk for public security,6671
2025-12-20,Negative effects on civic discourse or elections,115393
2025-12-20,Illegal or harmful speech,274089
2025-12-21,Risk for public security,4239
2025-12-21,Negative effects on civic discourse or elections,133044
2025-12-21,Illegal or harmful speech,284543
2025-12-22,Risk for public security,4754
2025-12-22,Negative effects on civic discourse or elections,110835
2025-12-22,Illegal or harmful speech,298157
2025-12-23,Risk for public security,4315
2025-12-23,Negative effects on civic discourse or elections,103030
2025-12-23,Illegal or harmful speech,300347
2025-12-24,Risk for public security,3903
2025-12-24,Negative effects on civic discourse or elections,102478
2025-12-24,Illegal or harmful speech,424569
2025-12-25,Risk for public security,8197
2025-12-25,Negative effects on civic discourse or elections,81087
2025-12-25,Illegal or harmful speech,257672
2025-12-26,Risk for public security,2777
2025-12-26,Negative effects on civic discourse or elections,97717
2025-12-26,Illegal or harmful speech,208018
2025-12-27,Risk for public security,2581
2025-12-27,Negative effects on civic discourse or elections,84131
2025-12-27,Illegal or harmful speech,232000
2025-12-28,Risk for public security,2894
2025-12-28,Negative effects on civic discourse or elections,47764
2025-12-28,Illegal or harmful speech,233923
2025-12-29,Risk for public security,3509
2025-12-29,Negative effects on civic discourse or elections,41086
2025-12-29,Illegal or harmful speech,217479
2025-12-30,Risk for public security,4610
2025-12-30,Negative effects on civic discourse or elections,43138
2025-12-30,Illegal or harmful speech,272367
2025-12-31,Risk for public security,5986
2025-12-31,Negative effects on civic discourse or elections,40365
2025-12-31,Illegal or harmful speech,223881
2026-01-01,Risk for public security,3215
2026-01-01,Negative effects on civic discourse or elections,30207
2026-01-01,Illegal or harmful speech,191351
2026-01-02,Risk for public security,4279
2026-01-02,Negative effects on civic discourse or elections,36576
2026-01-02,Illegal or harmful speech,173007
2026-01-03,Risk for public security,3035
2026-01-03,Negative effects on civic discourse or elections,36170
2026-01-03,Illegal or harmful speech,220970
2026-01-04,Risk for public security,1832
2026-01-04,Negative effects on civic discourse or elections,31205
2026-01-04,Illegal or harmful speech,310161
2026-01-05,Risk for public security,3392
2026-01-05,Negative effects on civic discourse or elections,38441
2026-01-05,Illegal or harmful speech,258633
2026-01-06,Risk for public security,3562
2026-01-06,Negative effects on civic discourse or elections,69142
2026-01-06,Illegal or harmful speech,338335
2026-01-07,Risk for public security,5452
2026-01-07,Negative effects on civic discourse or elections,18857
2026-01-07,Illegal or harmful speech,351928
2026-01-08,Risk for public security,6694
2026-01-08,Negative effects on civic discourse or elections,20498
2026-01-08,Illegal or harmful speech,305341
2026-01-09,Risk for public security,4316
2026-01-09,Negative effects on civic discourse or elections,9831
2026-01-09,Illegal or harmful speech,304541
